[{"model": "pajamanApp.personality", "pk": 1, "fields": {"name": "開放性"}}, {"model": "pajamanApp.personality", "pk": 2, "fields": {"name": "誠実性"}}, {"model": "pajamanApp.personality", "pk": 3, "fields": {"name": "外向性"}}, {"model": "pajamanApp.personality", "pk": 4, "fields": {"name": "協調性"}}, {"model": "pajamanApp.personality", "pk": 5, "fields": {"name": "神経症的傾向"}}, {"model": "pajamanApp.question", "pk": 1, "fields": {"question": "あなたが失恋してしまった場合、どうする？"}}, {"model": "pajamanApp.question", "pk": 2, "fields": {"question": "夏休み、あなたはどう過ごすか"}}, {"model": "pajamanApp.question", "pk": 3, "fields": {"question": "10年後の自分はどうなっていたいか"}}, {"model": "pajamanApp.question", "pk": 4, "fields": {"question": "学生時代、一番頑張ったことはなにか"}}, {"model": "pajamanApp.question", "pk": 5, "fields": {"question": "学生時代の一番得意な科目はなにか"}}, {"model": "pajamanApp.question", "pk": 6, "fields": {"question": "学生時代はどのような遊びが好きだったか"}}, {"model": "pajamanApp.question", "pk": 7, "fields": {"question": "この中でもっとも近いあなたの長所"}}, {"model": "pajamanApp.question", "pk": 8, "fields": {"question": "この中でもっとも近いあなたの短所"}}, {"model": "pajamanApp.question", "pk": 9, "fields": {"question": "今、あなたが欲しい物はなにか"}}, {"model": "pajamanApp.question", "pk": 10, "fields": {"question": "会社での理想の立ち位置はなにか"}}, {"model": "pajamanApp.question", "pk": 11, "fields": {"question": "会社に求める理想はなにか"}}, {"model": "pajamanApp.question", "pk": 12, "fields": {"question": "会社にいてほしい理想の先輩"}}, {"model": "pajamanApp.answer", "pk": 1, "fields": {"question": 1, "answer": "カラオケなどで吹き飛ばす", "personality": 1}}, {"model": "pajamanApp.answer", "pk": 2, "fields": {"question": 1, "answer": "失恋してしまった原因を考える", "personality": 2}}, {"model": "pajamanApp.answer", "pk": 3, "fields": {"question": 1, "answer": "友達に相談する", "personality": 3}}, {"model": "pajamanApp.answer", "pk": 4, "fields": {"question": 1, "answer": "自分の中で解決する", "personality": 4}}, {"model": "pajamanApp.answer", "pk": 5, "fields": {"question": 1, "answer": "気が済むまで泣く", "personality": 5}}, {"model": "pajamanApp.answer", "pk": 6, "fields": {"question": 2, "answer": "新しいことに挑戦してみる", "personality": 1}}, {"model": "pajamanApp.answer", "pk": 7, "fields": {"question": 2, "answer": "宿題を早めに終わらせる", "personality": 2}}, {"model": "pajamanApp.answer", "pk": 8, "fields": {"question": 2, "answer": "友達とさまざまなところに行く", "personality": 3}}, {"model": "pajamanApp.answer", "pk": 9, "fields": {"question": 2, "answer": "バイトをたくさん入れる", "personality": 4}}, {"model": "pajamanApp.answer", "pk": 10, "fields": {"question": 2, "answer": "家でゴロゴロする", "personality": 5}}, {"model": "pajamanApp.answer", "pk": 11, "fields": {"question": 3, "answer": "挑戦し続けていたい", "personality": 1}}, {"model": "pajamanApp.answer", "pk": 12, "fields": {"question": 3, "answer": "結婚し、幸せな家庭を築いていたい", "personality": 2}}, {"model": "pajamanApp.answer", "pk": 13, "fields": {"question": 3, "answer": "起業し、自分の会社を立てたい", "personality": 3}}, {"model": "pajamanApp.answer", "pk": 14, "fields": {"question": 3, "answer": "会社の尊敬される先輩になりたい", "personality": 4}}, {"model": "pajamanApp.answer", "pk": 15, "fields": {"question": 3, "answer": "気ままに今まで通りでいたい", "personality": 5}}, {"model": "pajamanApp.answer", "pk": 16, "fields": {"question": 4, "answer": "趣味", "personality": 1}}, {"model": "pajamanApp.answer", "pk": 17, "fields": {"question": 4, "answer": "勉強", "personality": 2}}, {"model": "pajamanApp.answer", "pk": 18, "fields": {"question": 4, "answer": "部活", "personality": 3}}, {"model": "pajamanApp.answer", "pk": 19, "fields": {"question": 4, "answer": "友達作り", "personality": 4}}, {"model": "pajamanApp.answer", "pk": 20, "fields": {"question": 4, "answer": "学校行事", "personality": 5}}, {"model": "pajamanApp.answer", "pk": 21, "fields": {"question": 5, "answer": "国語", "personality": 1}}, {"model": "pajamanApp.answer", "pk": 22, "fields": {"question": 5, "answer": "数学", "personality": 2}}, {"model": "pajamanApp.answer", "pk": 23, "fields": {"question": 5, "answer": "英語", "personality": 3}}, {"model": "pajamanApp.answer", "pk": 24, "fields": {"question": 5, "answer": "社会", "personality": 4}}, {"model": "pajamanApp.answer", "pk": 25, "fields": {"question": 5, "answer": "理科", "personality": 5}}, {"model": "pajamanApp.answer", "pk": 26, "fields": {"question": 6, "answer": "キャンプや旅行", "personality": 1}}, {"model": "pajamanApp.answer", "pk": 27, "fields": {"question": 6, "answer": "読書やゲーム", "personality": 2}}, {"model": "pajamanApp.answer", "pk": 28, "fields": {"question": 6, "answer": "友達と買い物", "personality": 3}}, {"model": "pajamanApp.answer", "pk": 30, "fields": {"question": 6, "answer": "友達がしたいこと", "personality": 4}}, {"model": "pajamanApp.answer", "pk": 31, "fields": {"question": 6, "answer": "趣味を伸ばす", "personality": 5}}, {"model": "pajamanApp.answer", "pk": 32, "fields": {"question": 7, "answer": "常にチャレンジャー", "personality": 1}}, {"model": "pajamanApp.answer", "pk": 33, "fields": {"question": 7, "answer": "責任感がある", "personality": 2}}, {"model": "pajamanApp.answer", "pk": 34, "fields": {"question": 7, "answer": "積極的で活発", "personality": 3}}, {"model": "pajamanApp.answer", "pk": 35, "fields": {"question": 7, "answer": "思いやりがあり優しい", "personality": 4}}, {"model": "pajamanApp.answer", "pk": 36, "fields": {"question": 7, "answer": "好奇心旺盛", "personality": 5}}, {"model": "pajamanApp.answer", "pk": 37, "fields": {"question": 8, "answer": "周りが見えない時がある", "personality": 1}}, {"model": "pajamanApp.answer", "pk": 38, "fields": {"question": 8, "answer": "新しいことを考えるのが苦手", "personality": 2}}, {"model": "pajamanApp.answer", "pk": 39, "fields": {"question": 8, "answer": "心を許せる友達がいない", "personality": 3}}, {"model": "pajamanApp.answer", "pk": 40, "fields": {"question": 8, "answer": "嫌わるのが怖い", "personality": 4}}, {"model": "pajamanApp.answer", "pk": 41, "fields": {"question": 8, "answer": "内気で自発的ではない", "personality": 5}}, {"model": "pajamanApp.answer", "pk": 42, "fields": {"question": 9, "answer": "発想力", "personality": 1}}, {"model": "pajamanApp.answer", "pk": 43, "fields": {"question": 9, "answer": "知識", "personality": 2}}, {"model": "pajamanApp.answer", "pk": 44, "fields": {"question": 8, "answer": "親友", "personality": 3}}, {"model": "pajamanApp.answer", "pk": 45, "fields": {"question": 9, "answer": "金", "personality": 4}}, {"model": "pajamanApp.answer", "pk": 46, "fields": {"question": 9, "answer": "ユーモア", "personality": 5}}, {"model": "pajamanApp.answer", "pk": 47, "fields": {"question": 10, "answer": "仕事を考えたい", "personality": 1}}, {"model": "pajamanApp.answer", "pk": 48, "fields": {"question": 10, "answer": "仕事を管理したい", "personality": 2}}, {"model": "pajamanApp.answer", "pk": 49, "fields": {"question": 10, "answer": "仕事を指揮したい", "personality": 3}}, {"model": "pajamanApp.answer", "pk": 50, "fields": {"question": 10, "answer": "仕事をサポートしたい", "personality": 4}}, {"model": "pajamanApp.answer", "pk": 51, "fields": {"question": 10, "answer": "仕事のミスを指摘したい", "personality": 5}}, {"model": "pajamanApp.answer", "pk": 52, "fields": {"question": 11, "answer": "新しいことを学べる会社", "personality": 1}}, {"model": "pajamanApp.answer", "pk": 53, "fields": {"question": 11, "answer": "成長できる会社", "personality": 2}}, {"model": "pajamanApp.answer", "pk": 54, "fields": {"question": 11, "answer": "楽しいと感じる会社", "personality": 3}}, {"model": "pajamanApp.answer", "pk": 55, "fields": {"question": 11, "answer": "アットホームな会社", "personality": 4}}, {"model": "pajamanApp.answer", "pk": 56, "fields": {"question": 11, "answer": "楽しくはないが嫌なところもない会社", "personality": 5}}, {"model": "pajamanApp.answer", "pk": 57, "fields": {"question": 12, "answer": "自分を楽しませてくれる先輩", "personality": 1}}, {"model": "pajamanApp.answer", "pk": 58, "fields": {"question": 12, "answer": "尊敬できる憧れの先輩", "personality": 2}}, {"model": "pajamanApp.answer", "pk": 59, "fields": {"question": 12, "answer": "自分を褒めてくれる先輩", "personality": 3}}, {"model": "pajamanApp.answer", "pk": 60, "fields": {"question": 12, "answer": "仕事以外のことも話せる先輩", "personality": 4}}, {"model": "pajamanApp.answer", "pk": 61, "fields": {"question": 12, "answer": "嫌なことを言わない先輩", "personality": 5}}, {"model": "pajamanApp.self", "pk": 25, "fields": {"question": 1, "user": 1, "answer": 1}}, {"model": "pajamanApp.self", "pk": 26, "fields": {"question": 2, "user": 1, "answer": 10}}, {"model": "pajamanApp.self", "pk": 27, "fields": {"question": 3, "user": 1, "answer": 12}}, {"model": "pajamanApp.self", "pk": 28, "fields": {"question": 4, "user": 1, "answer": 17}}, {"model": "pajamanApp.self", "pk": 29, "fields": {"question": 5, "user": 1, "answer": 25}}, {"model": "pajamanApp.self", "pk": 30, "fields": {"question": 6, "user": 1, "answer": 27}}, {"model": "pajamanApp.self", "pk": 31, "fields": {"question": 7, "user": 1, "answer": 36}}, {"model": "pajamanApp.self", "pk": 32, "fields": {"question": 8, "user": 1, "answer": 40}}, {"model": "pajamanApp.self", "pk": 33, "fields": {"question": 9, "user": 1, "answer": 42}}, {"model": "pajamanApp.self", "pk": 34, "fields": {"question": 10, "user": 1, "answer": 50}}, {"model": "pajamanApp.self", "pk": 35, "fields": {"question": 11, "user": 1, "answer": 53}}, {"model": "pajamanApp.self", "pk": 36, "fields": {"question": 12, "user": 1, "answer": 61}}, {"model": "pajamanApp.self", "pk": 44, "fields": {"question": 8, "user": 2, "answer": 37}}, {"model": "pajamanApp.company", "pk": 1, "fields": {"c_name": "ぺろぺろキャンデーコーポレーション"}}, {"model": "pajamanApp.company", "pk": 2, "fields": {"c_name": "センコー情報システム"}}, {"model": "pajamanApp.company", "pk": 3, "fields": {"c_name": "株式会社タツノオトシゴ無双"}}, {"model": "pajamanApp.company", "pk": 4, "fields": {"c_name": "平家物語(株)"}}, {"model": "pajamanApp.companyanalysis", "pk": 5, "fields": {"user": 1, "company": 2, "establishment": "1977-04-01", "location": "大阪府大阪市中央区本町２丁目６番１０号 本町センタービル２階", "capital": 6000, "sales": 4900000000, "emp_no": 207, "representative": "野村康則", "content": "■流通情報ソリューション\r\n私たちはお客様のニーズにお応えすべく、あらゆる荷主形態、商品特性に応じた物流システムを構築してきました。 供給側から需要側に至る全ての工程において、ベストなシステムソリューションを提供しています。 また、各システムにおいて他言語へ対応しており、グローバルな物流が可能です。 あらゆるビジネスシーンにおいてお客様のSCM戦略を支えています。\r\n\r\n■システムソリューション\r\n永年にわたって培ってきた物流、流通、公共事業におけるシステム構築の技術とノウハウを活かし、最新のIT技術と融合させたシステムをご提供することによって、お客様の取引先までを含んだトータルなシステム改革が可能です。 開発から運用、保守にいたるまで、一貫したワンストップサービスを提供します。\r\nまた弊社製品JAVA開発フレームワーク「Gypsy」を利用した開発を行っているため、お客様の高いご要望に対し、短期間で高品質な製品をご提供いたします。\r\n\r\n■公共ソリューション\r\n昨今、情報の複雑化・膨大化と共に、地方自治体において情報システムの活用が進んでいます。 センコー情報システムはIDCにてお客様の情報資源を管理・運用、またパッケージ化されたシステムで、事務作業のスピード化と効率化を実現。 そして自治体同士のシステム共同利用で、開発コストを低減するとともに、システム障害やIT人材の確保等のリスクを大幅に回避できます。\r\n\r\n■ ネットワークソリューション\r\nセンコー情報システムでは、世界展開を推し進めるセンコーグループのネットワークと自社のDC（データセンター）を連携させることでグローバルネットワークを作り上げています。", "url": "https://job.mynavi.jp/23/pc/search/corp231", "created_at": "2023-01-20T07:00:39.719Z", "updated_at": "2023-01-20T07:00:39.719Z"}}, {"model": "pajamanApp.companyanalysis", "pk": 6, "fields": {"user": 1, "company": 1, "establishment": "2000-01-01", "location": "ぺろぺろ市キャンデー区", "capital": 150, "sales": 300, "emp_no": 2, "representative": "ぺろろ軍曹", "content": "ぺろぺろキャンデーをぺろぺろします", "url": "https://peropero", "created_at": "2023-01-20T07:02:27.573Z", "updated_at": "2023-01-20T07:02:27.573Z"}}, {"model": "pajamanApp.companyanalysis", "pk": 7, "fields": {"user": 1, "company": 3, "establishment": "2000-01-01", "location": "竜宮城3丁目", "capital": 500, "sales": 300000, "emp_no": 122, "representative": "乙姫", "content": "亀に乗ったガキに対する奉仕", "url": "https://ryugujo", "created_at": "2023-01-20T07:10:31.527Z", "updated_at": "2023-01-20T07:10:31.527Z"}}, {"model": "pajamanApp.companyanalysis", "pk": 8, "fields": {"user": 1, "company": 4, "establishment": "2000-01-01", "location": "鎌倉", "capital": 200, "sales": 30000, "emp_no": 1, "representative": "不詳", "content": "祇園精舎ぎおんしょうじゃの鐘の声、諸行無常の響きあり。沙羅双樹さらそうじゅの花の色、盛者必衰じょうしゃひっすいの理ことわりをあらはす。おごれる人も久しからず、ただ春の夜の夢のごとし。猛たけき者も遂にはほろびぬ、ひとへに風の前の塵におなじ。", "url": "https://heyke", "created_at": "2023-01-20T07:12:37.959Z", "updated_at": "2023-01-20T07:12:37.959Z"}}, {"model": "pajamanApp.comment", "pk": 1, "fields": {"user": 2, "target": 6, "text": "ぺろぺろするの楽し～！", "created_at": "2023-01-24T01:17:11.634Z"}}, {"model": "pajamanApp.comment", "pk": 2, "fields": {"user": 2, "target": 5, "text": "資本金、6000円ではなく6000万円だと思います。", "created_at": "2023-01-24T01:46:16.536Z"}}, {"model": "pajamanApp.like", "pk": 3, "fields": {"company_analysis": 5, "user": 1, "timestamp": "2023-01-24T01:01:30.360Z"}}, {"model": "pajamanApp.like", "pk": 4, "fields": {"company_analysis": 6, "user": 2, "timestamp": "2023-01-24T01:28:41.899Z"}}, {"model": "pajamanApp.imageupload", "pk": 1, "fields": {"user": 1, "image": "icon/029b728873fd1029a59fc68f8d90285b.png", "created_at": "2023-01-20T06:19:44.782Z"}}, {"model": "pajamanApp.imageupload", "pk": 2, "fields": {"user": 1, "image": "icon/20191015_5e73ad.jpg", "created_at": "2023-01-20T06:24:19.274Z"}}]
