[{"model": "pajamanApp.personality", "pk": 1, "fields": {"name": "開放性"}}, {"model": "pajamanApp.personality", "pk": 2, "fields": {"name": "誠実性"}}, {"model": "pajamanApp.personality", "pk": 3, "fields": {"name": "外向性"}}, {"model": "pajamanApp.personality", "pk": 4, "fields": {"name": "協調性"}}, {"model": "pajamanApp.personality", "pk": 5, "fields": {"name": "神経症的傾向"}}, {"model": "pajamanApp.question", "pk": 1, "fields": {"question": "あなたが失恋してしまった場合、どうする？"}}, {"model": "pajamanApp.question", "pk": 2, "fields": {"question": "夏休み、あなたはどう過ごすか"}}, {"model": "pajamanApp.question", "pk": 3, "fields": {"question": "10年後の自分はどうなっていたいか"}}, {"model": "pajamanApp.question", "pk": 4, "fields": {"question": "学生時代、一番頑張ったことはなにか"}}, {"model": "pajamanApp.question", "pk": 5, "fields": {"question": "学生時代の一番得意な科目はなにか"}}, {"model": "pajamanApp.question", "pk": 6, "fields": {"question": "学生時代はどのような遊びが好きだったか"}}, {"model": "pajamanApp.question", "pk": 7, "fields": {"question": "この中でもっとも近いあなたの長所"}}, {"model": "pajamanApp.question", "pk": 8, "fields": {"question": "この中でもっとも近いあなたの短所"}}, {"model": "pajamanApp.question", "pk": 9, "fields": {"question": "今、あなたが欲しい物はなにか"}}, {"model": "pajamanApp.question", "pk": 10, "fields": {"question": "会社での理想の立ち位置はなにか"}}, {"model": "pajamanApp.question", "pk": 11, "fields": {"question": "会社に求める理想はなにか"}}, {"model": "pajamanApp.question", "pk": 12, "fields": {"question": "会社にいてほしい理想の先輩"}}, {"model": "pajamanApp.answer", "pk": 1, "fields": {"question": 1, "answer": "カラオケなどで吹き飛ばす", "personality": 1}}, {"model": "pajamanApp.answer", "pk": 2, "fields": {"question": 1, "answer": "失恋してしまった原因を考える", "personality": 2}}, {"model": "pajamanApp.answer", "pk": 3, "fields": {"question": 1, "answer": "友達に相談する", "personality": 3}}, {"model": "pajamanApp.answer", "pk": 4, "fields": {"question": 1, "answer": "自分の中で解決する", "personality": 4}}, {"model": "pajamanApp.answer", "pk": 5, "fields": {"question": 1, "answer": "気が済むまで泣く", "personality": 5}}, {"model": "pajamanApp.answer", "pk": 6, "fields": {"question": 2, "answer": "新しいことに挑戦してみる", "personality": 1}}, {"model": "pajamanApp.answer", "pk": 7, "fields": {"question": 2, "answer": "宿題を早めに終わらせる", "personality": 2}}, {"model": "pajamanApp.answer", "pk": 8, "fields": {"question": 2, "answer": "友達とさまざまなところに行く", "personality": 3}}, {"model": "pajamanApp.answer", "pk": 9, "fields": {"question": 2, "answer": "バイトをたくさん入れる", "personality": 4}}, {"model": "pajamanApp.answer", "pk": 10, "fields": {"question": 2, "answer": "家でゴロゴロする", "personality": 5}}, {"model": "pajamanApp.answer", "pk": 11, "fields": {"question": 3, "answer": "挑戦し続けていたい", "personality": 1}}, {"model": "pajamanApp.answer", "pk": 12, "fields": {"question": 3, "answer": "結婚し、幸せな家庭を築いていたい", "personality": 2}}, {"model": "pajamanApp.answer", "pk": 13, "fields": {"question": 3, "answer": "起業し、自分の会社を立てたい", "personality": 3}}, {"model": "pajamanApp.answer", "pk": 14, "fields": {"question": 3, "answer": "会社の尊敬される先輩になりたい", "personality": 4}}, {"model": "pajamanApp.answer", "pk": 15, "fields": {"question": 3, "answer": "気ままに今まで通りでいたい", "personality": 5}}, {"model": "pajamanApp.answer", "pk": 16, "fields": {"question": 4, "answer": "趣味", "personality": 1}}, {"model": "pajamanApp.answer", "pk": 17, "fields": {"question": 4, "answer": "勉強", "personality": 2}}, {"model": "pajamanApp.answer", "pk": 18, "fields": {"question": 4, "answer": "部活", "personality": 3}}, {"model": "pajamanApp.answer", "pk": 19, "fields": {"question": 4, "answer": "友達作り", "personality": 4}}, {"model": "pajamanApp.answer", "pk": 20, "fields": {"question": 4, "answer": "学校行事", "personality": 5}}, {"model": "pajamanApp.answer", "pk": 21, "fields": {"question": 5, "answer": "国語", "personality": 1}}, {"model": "pajamanApp.answer", "pk": 22, "fields": {"question": 5, "answer": "数学", "personality": 2}}, {"model": "pajamanApp.answer", "pk": 23, "fields": {"question": 5, "answer": "英語", "personality": 3}}, {"model": "pajamanApp.answer", "pk": 24, "fields": {"question": 5, "answer": "社会", "personality": 4}}, {"model": "pajamanApp.answer", "pk": 25, "fields": {"question": 5, "answer": "理科", "personality": 5}}, {"model": "pajamanApp.answer", "pk": 26, "fields": {"question": 6, "answer": "キャンプや旅行", "personality": 1}}, {"model": "pajamanApp.answer", "pk": 27, "fields": {"question": 6, "answer": "読書やゲーム", "personality": 2}}, {"model": "pajamanApp.answer", "pk": 28, "fields": {"question": 6, "answer": "友達と買い物", "personality": 3}}, {"model": "pajamanApp.answer", "pk": 30, "fields": {"question": 6, "answer": "友達がしたいこと", "personality": 4}}, {"model": "pajamanApp.answer", "pk": 31, "fields": {"question": 6, "answer": "趣味を伸ばす", "personality": 5}}, {"model": "pajamanApp.answer", "pk": 32, "fields": {"question": 7, "answer": "常にチャレンジャー", "personality": 1}}, {"model": "pajamanApp.answer", "pk": 33, "fields": {"question": 7, "answer": "責任感がある", "personality": 2}}, {"model": "pajamanApp.answer", "pk": 34, "fields": {"question": 7, "answer": "積極的で活発", "personality": 3}}, {"model": "pajamanApp.answer", "pk": 35, "fields": {"question": 7, "answer": "思いやりがあり優しい", "personality": 4}}, {"model": "pajamanApp.answer", "pk": 36, "fields": {"question": 7, "answer": "好奇心旺盛", "personality": 5}}, {"model": "pajamanApp.answer", "pk": 37, "fields": {"question": 8, "answer": "周りが見えない時がある", "personality": 1}}, {"model": "pajamanApp.answer", "pk": 38, "fields": {"question": 8, "answer": "新しいことを考えるのが苦手", "personality": 2}}, {"model": "pajamanApp.answer", "pk": 39, "fields": {"question": 8, "answer": "心を許せる友達がいない", "personality": 3}}, {"model": "pajamanApp.answer", "pk": 40, "fields": {"question": 8, "answer": "嫌われるのが怖い", "personality": 4}}, {"model": "pajamanApp.answer", "pk": 41, "fields": {"question": 8, "answer": "内気で自発的ではない", "personality": 5}}, {"model": "pajamanApp.answer", "pk": 42, "fields": {"question": 9, "answer": "発想力", "personality": 1}}, {"model": "pajamanApp.answer", "pk": 43, "fields": {"question": 9, "answer": "知識", "personality": 2}}, {"model": "pajamanApp.answer", "pk": 44, "fields": {"question": 9, "answer": "親友", "personality": 3}}, {"model": "pajamanApp.answer", "pk": 45, "fields": {"question": 9, "answer": "金", "personality": 4}}, {"model": "pajamanApp.answer", "pk": 46, "fields": {"question": 9, "answer": "ユーモア", "personality": 5}}, {"model": "pajamanApp.answer", "pk": 47, "fields": {"question": 10, "answer": "仕事を考えたい", "personality": 1}}, {"model": "pajamanApp.answer", "pk": 48, "fields": {"question": 10, "answer": "仕事を管理したい", "personality": 2}}, {"model": "pajamanApp.answer", "pk": 49, "fields": {"question": 10, "answer": "仕事を指揮したい", "personality": 3}}, {"model": "pajamanApp.answer", "pk": 50, "fields": {"question": 10, "answer": "仕事をサポートしたい", "personality": 4}}, {"model": "pajamanApp.answer", "pk": 51, "fields": {"question": 10, "answer": "仕事のミスを指摘したい", "personality": 5}}, {"model": "pajamanApp.answer", "pk": 52, "fields": {"question": 11, "answer": "新しいことを学べる会社", "personality": 1}}, {"model": "pajamanApp.answer", "pk": 53, "fields": {"question": 11, "answer": "成長できる会社", "personality": 2}}, {"model": "pajamanApp.answer", "pk": 54, "fields": {"question": 11, "answer": "楽しいと感じる会社", "personality": 3}}, {"model": "pajamanApp.answer", "pk": 55, "fields": {"question": 11, "answer": "アットホームな会社", "personality": 4}}, {"model": "pajamanApp.answer", "pk": 56, "fields": {"question": 11, "answer": "楽しくはないが嫌なところもない会社", "personality": 5}}, {"model": "pajamanApp.answer", "pk": 57, "fields": {"question": 12, "answer": "自分を楽しませてくれる先輩", "personality": 1}}, {"model": "pajamanApp.answer", "pk": 58, "fields": {"question": 12, "answer": "尊敬できる憧れの先輩", "personality": 2}}, {"model": "pajamanApp.answer", "pk": 59, "fields": {"question": 12, "answer": "自分を褒めてくれる先輩", "personality": 3}}, {"model": "pajamanApp.answer", "pk": 60, "fields": {"question": 12, "answer": "仕事以外のことも話せる先輩", "personality": 4}}, {"model": "pajamanApp.answer", "pk": 61, "fields": {"question": 12, "answer": "嫌なことを言わない先輩", "personality": 5}}, {"model": "pajamanApp.self", "pk": 61, "fields": {"question": 12, "user": 1, "answer": 57}}, {"model": "pajamanApp.self", "pk": 62, "fields": {"question": 1, "user": 1, "answer": 3}}, {"model": "pajamanApp.self", "pk": 63, "fields": {"question": 2, "user": 1, "answer": 10}}, {"model": "pajamanApp.self", "pk": 64, "fields": {"question": 3, "user": 1, "answer": 11}}, {"model": "pajamanApp.self", "pk": 65, "fields": {"question": 4, "user": 1, "answer": 16}}, {"model": "pajamanApp.self", "pk": 66, "fields": {"question": 5, "user": 1, "answer": 23}}, {"model": "pajamanApp.self", "pk": 67, "fields": {"question": 6, "user": 1, "answer": 30}}, {"model": "pajamanApp.self", "pk": 68, "fields": {"question": 7, "user": 1, "answer": 35}}, {"model": "pajamanApp.self", "pk": 69, "fields": {"question": 8, "user": 1, "answer": 39}}, {"model": "pajamanApp.self", "pk": 70, "fields": {"question": 9, "user": 1, "answer": 43}}, {"model": "pajamanApp.self", "pk": 71, "fields": {"question": 10, "user": 1, "answer": 51}}, {"model": "pajamanApp.self", "pk": 72, "fields": {"question": 11, "user": 1, "answer": 52}}, {"model": "pajamanApp.company", "pk": 1, "fields": {"c_name": "Apple"}}, {"model": "pajamanApp.company", "pk": 2, "fields": {"c_name": "Google"}}, {"model": "pajamanApp.companyanalysis", "pk": 1, "fields": {"user": 1, "company": 1, "establishment": "1976-04-01", "location": "アメリカ合衆国", "capital": 548000, "sales": 3658, "emp_no": 154000, "representative": "ティム・クック", "content": "アップルは米国のIT機器大手。 メディアデバイス、PC、スマートフォン、タブレット端末などのデザイン・製造・販売に従事。 主要製品はMac、iPhone、iPad、iPod、Apple Watch、Apple TV、AirPodsなどの消費者製品で、iOSやiCloud、ApplePayなども展開。", "url": "https://ja.wikipedia.org/wiki/Apple", "created_at": "2023-01-19T03:01:45.193Z", "updated_at": "2023-01-19T03:02:33.042Z"}}, {"model": "pajamanApp.companyanalysis", "pk": 2, "fields": {"user": 1, "company": 2, "establishment": "2000-01-01", "location": "大阪", "capital": 1000000000000000000, "sales": 200000000000000, "emp_no": 999999998, "representative": "勝田紳太郎", "content": "aaa", "url": "https://", "created_at": "2023-01-27T02:05:47.713Z", "updated_at": "2023-01-27T02:05:47.713Z"}}, {"model": "pajamanApp.like", "pk": 3, "fields": {"company_analysis": 1, "user": 1, "timestamp": "2023-01-20T04:54:53.853Z"}}, {"model": "admin.logentry", "pk": 1, "fields": {"action_time": "2023-01-17T01:10:57.041Z", "user": 1, "content_type": 3, "object_id": "40", "object_repr": "嫌われるのが怖い", "action_flag": 2, "change_message": "[{\"changed\": {\"fields\": [\"\\u56de\\u7b54\\u306e\\u5185\\u5bb9\"]}}]"}}, {"model": "admin.logentry", "pk": 2, "fields": {"action_time": "2023-01-17T01:42:45.185Z", "user": 1, "content_type": 3, "object_id": "44", "object_repr": "親友", "action_flag": 2, "change_message": "[{\"changed\": {\"fields\": [\"\\u56de\\u7b54ID\"]}}]"}}, {"model": "auth.permission", "pk": 1, "fields": {"name": "Can add personality", "content_type": 1, "codename": "add_personality"}}, {"model": "auth.permission", "pk": 2, "fields": {"name": "Can change personality", "content_type": 1, "codename": "change_personality"}}, {"model": "auth.permission", "pk": 3, "fields": {"name": "Can delete personality", "content_type": 1, "codename": "delete_personality"}}, {"model": "auth.permission", "pk": 4, "fields": {"name": "Can view personality", "content_type": 1, "codename": "view_personality"}}, {"model": "auth.permission", "pk": 5, "fields": {"name": "Can add question", "content_type": 2, "codename": "add_question"}}, {"model": "auth.permission", "pk": 6, "fields": {"name": "Can change question", "content_type": 2, "codename": "change_question"}}, {"model": "auth.permission", "pk": 7, "fields": {"name": "Can delete question", "content_type": 2, "codename": "delete_question"}}, {"model": "auth.permission", "pk": 8, "fields": {"name": "Can view question", "content_type": 2, "codename": "view_question"}}, {"model": "auth.permission", "pk": 9, "fields": {"name": "Can add answer", "content_type": 3, "codename": "add_answer"}}, {"model": "auth.permission", "pk": 10, "fields": {"name": "Can change answer", "content_type": 3, "codename": "change_answer"}}, {"model": "auth.permission", "pk": 11, "fields": {"name": "Can delete answer", "content_type": 3, "codename": "delete_answer"}}, {"model": "auth.permission", "pk": 12, "fields": {"name": "Can view answer", "content_type": 3, "codename": "view_answer"}}, {"model": "auth.permission", "pk": 13, "fields": {"name": "Can add self", "content_type": 4, "codename": "add_self"}}, {"model": "auth.permission", "pk": 14, "fields": {"name": "Can change self", "content_type": 4, "codename": "change_self"}}, {"model": "auth.permission", "pk": 15, "fields": {"name": "Can delete self", "content_type": 4, "codename": "delete_self"}}, {"model": "auth.permission", "pk": 16, "fields": {"name": "Can view self", "content_type": 4, "codename": "view_self"}}, {"model": "auth.permission", "pk": 17, "fields": {"name": "Can add company", "content_type": 5, "codename": "add_company"}}, {"model": "auth.permission", "pk": 18, "fields": {"name": "Can change company", "content_type": 5, "codename": "change_company"}}, {"model": "auth.permission", "pk": 19, "fields": {"name": "Can delete company", "content_type": 5, "codename": "delete_company"}}, {"model": "auth.permission", "pk": 20, "fields": {"name": "Can view company", "content_type": 5, "codename": "view_company"}}, {"model": "auth.permission", "pk": 21, "fields": {"name": "Can add company analysis", "content_type": 6, "codename": "add_companyanalysis"}}, {"model": "auth.permission", "pk": 22, "fields": {"name": "Can change company analysis", "content_type": 6, "codename": "change_companyanalysis"}}, {"model": "auth.permission", "pk": 23, "fields": {"name": "Can delete company analysis", "content_type": 6, "codename": "delete_companyanalysis"}}, {"model": "auth.permission", "pk": 24, "fields": {"name": "Can view company analysis", "content_type": 6, "codename": "view_companyanalysis"}}, {"model": "auth.permission", "pk": 25, "fields": {"name": "Can add comment", "content_type": 7, "codename": "add_comment"}}, {"model": "auth.permission", "pk": 26, "fields": {"name": "Can change comment", "content_type": 7, "codename": "change_comment"}}, {"model": "auth.permission", "pk": 27, "fields": {"name": "Can delete comment", "content_type": 7, "codename": "delete_comment"}}, {"model": "auth.permission", "pk": 28, "fields": {"name": "Can view comment", "content_type": 7, "codename": "view_comment"}}, {"model": "auth.permission", "pk": 29, "fields": {"name": "Can add like", "content_type": 8, "codename": "add_like"}}, {"model": "auth.permission", "pk": 30, "fields": {"name": "Can change like", "content_type": 8, "codename": "change_like"}}, {"model": "auth.permission", "pk": 31, "fields": {"name": "Can delete like", "content_type": 8, "codename": "delete_like"}}, {"model": "auth.permission", "pk": 32, "fields": {"name": "Can view like", "content_type": 8, "codename": "view_like"}}, {"model": "auth.permission", "pk": 33, "fields": {"name": "Can add image upload", "content_type": 9, "codename": "add_imageupload"}}, {"model": "auth.permission", "pk": 34, "fields": {"name": "Can change image upload", "content_type": 9, "codename": "change_imageupload"}}, {"model": "auth.permission", "pk": 35, "fields": {"name": "Can delete image upload", "content_type": 9, "codename": "delete_imageupload"}}, {"model": "auth.permission", "pk": 36, "fields": {"name": "Can view image upload", "content_type": 9, "codename": "view_imageupload"}}, {"model": "auth.permission", "pk": 37, "fields": {"name": "Can add log entry", "content_type": 10, "codename": "add_logentry"}}, {"model": "auth.permission", "pk": 38, "fields": {"name": "Can change log entry", "content_type": 10, "codename": "change_logentry"}}, {"model": "auth.permission", "pk": 39, "fields": {"name": "Can delete log entry", "content_type": 10, "codename": "delete_logentry"}}, {"model": "auth.permission", "pk": 40, "fields": {"name": "Can view log entry", "content_type": 10, "codename": "view_logentry"}}, {"model": "auth.permission", "pk": 41, "fields": {"name": "Can add permission", "content_type": 11, "codename": "add_permission"}}, {"model": "auth.permission", "pk": 42, "fields": {"name": "Can change permission", "content_type": 11, "codename": "change_permission"}}, {"model": "auth.permission", "pk": 43, "fields": {"name": "Can delete permission", "content_type": 11, "codename": "delete_permission"}}, {"model": "auth.permission", "pk": 44, "fields": {"name": "Can view permission", "content_type": 11, "codename": "view_permission"}}, {"model": "auth.permission", "pk": 45, "fields": {"name": "Can add group", "content_type": 12, "codename": "add_group"}}, {"model": "auth.permission", "pk": 46, "fields": {"name": "Can change group", "content_type": 12, "codename": "change_group"}}, {"model": "auth.permission", "pk": 47, "fields": {"name": "Can delete group", "content_type": 12, "codename": "delete_group"}}, {"model": "auth.permission", "pk": 48, "fields": {"name": "Can view group", "content_type": 12, "codename": "view_group"}}, {"model": "auth.permission", "pk": 49, "fields": {"name": "Can add user", "content_type": 13, "codename": "add_user"}}, {"model": "auth.permission", "pk": 50, "fields": {"name": "Can change user", "content_type": 13, "codename": "change_user"}}, {"model": "auth.permission", "pk": 51, "fields": {"name": "Can delete user", "content_type": 13, "codename": "delete_user"}}, {"model": "auth.permission", "pk": 52, "fields": {"name": "Can view user", "content_type": 13, "codename": "view_user"}}, {"model": "auth.permission", "pk": 53, "fields": {"name": "Can add content type", "content_type": 14, "codename": "add_contenttype"}}, {"model": "auth.permission", "pk": 54, "fields": {"name": "Can change content type", "content_type": 14, "codename": "change_contenttype"}}, {"model": "auth.permission", "pk": 55, "fields": {"name": "Can delete content type", "content_type": 14, "codename": "delete_contenttype"}}, {"model": "auth.permission", "pk": 56, "fields": {"name": "Can view content type", "content_type": 14, "codename": "view_contenttype"}}, {"model": "auth.permission", "pk": 57, "fields": {"name": "Can add session", "content_type": 15, "codename": "add_session"}}, {"model": "auth.permission", "pk": 58, "fields": {"name": "Can change session", "content_type": 15, "codename": "change_session"}}, {"model": "auth.permission", "pk": 59, "fields": {"name": "Can delete session", "content_type": 15, "codename": "delete_session"}}, {"model": "auth.permission", "pk": 60, "fields": {"name": "Can view session", "content_type": 15, "codename": "view_session"}}, {"model": "auth.permission", "pk": 61, "fields": {"name": "Can add association", "content_type": 16, "codename": "add_association"}}, {"model": "auth.permission", "pk": 62, "fields": {"name": "Can change association", "content_type": 16, "codename": "change_association"}}, {"model": "auth.permission", "pk": 63, "fields": {"name": "Can delete association", "content_type": 16, "codename": "delete_association"}}, {"model": "auth.permission", "pk": 64, "fields": {"name": "Can view association", "content_type": 16, "codename": "view_association"}}, {"model": "auth.permission", "pk": 65, "fields": {"name": "Can add code", "content_type": 17, "codename": "add_code"}}, {"model": "auth.permission", "pk": 66, "fields": {"name": "Can change code", "content_type": 17, "codename": "change_code"}}, {"model": "auth.permission", "pk": 67, "fields": {"name": "Can delete code", "content_type": 17, "codename": "delete_code"}}, {"model": "auth.permission", "pk": 68, "fields": {"name": "Can view code", "content_type": 17, "codename": "view_code"}}, {"model": "auth.permission", "pk": 69, "fields": {"name": "Can add nonce", "content_type": 18, "codename": "add_nonce"}}, {"model": "auth.permission", "pk": 70, "fields": {"name": "Can change nonce", "content_type": 18, "codename": "change_nonce"}}, {"model": "auth.permission", "pk": 71, "fields": {"name": "Can delete nonce", "content_type": 18, "codename": "delete_nonce"}}, {"model": "auth.permission", "pk": 72, "fields": {"name": "Can view nonce", "content_type": 18, "codename": "view_nonce"}}, {"model": "auth.permission", "pk": 73, "fields": {"name": "Can add user social auth", "content_type": 19, "codename": "add_usersocialauth"}}, {"model": "auth.permission", "pk": 74, "fields": {"name": "Can change user social auth", "content_type": 19, "codename": "change_usersocialauth"}}, {"model": "auth.permission", "pk": 75, "fields": {"name": "Can delete user social auth", "content_type": 19, "codename": "delete_usersocialauth"}}, {"model": "auth.permission", "pk": 76, "fields": {"name": "Can view user social auth", "content_type": 19, "codename": "view_usersocialauth"}}, {"model": "auth.permission", "pk": 77, "fields": {"name": "Can add partial", "content_type": 20, "codename": "add_partial"}}, {"model": "auth.permission", "pk": 78, "fields": {"name": "Can change partial", "content_type": 20, "codename": "change_partial"}}, {"model": "auth.permission", "pk": 79, "fields": {"name": "Can delete partial", "content_type": 20, "codename": "delete_partial"}}, {"model": "auth.permission", "pk": 80, "fields": {"name": "Can view partial", "content_type": 20, "codename": "view_partial"}}, {"model": "auth.permission", "pk": 81, "fields": {"name": "Can add personal", "content_type": 21, "codename": "add_personal"}}, {"model": "auth.permission", "pk": 82, "fields": {"name": "Can change personal", "content_type": 21, "codename": "change_personal"}}, {"model": "auth.permission", "pk": 83, "fields": {"name": "Can delete personal", "content_type": 21, "codename": "delete_personal"}}, {"model": "auth.permission", "pk": 84, "fields": {"name": "Can view personal", "content_type": 21, "codename": "view_personal"}}, {"model": "auth.user", "pk": 1, "fields": {"password": "argon2$argon2id$v=19$m=102400,t=2,p=8$ZTlrcUxJZTR6VmJla3p0UFA5TnFRMA$yRegVQCtJnWyJIxGtF5IoCRSuhnlYEXsdqUV5LYUpG4", "last_login": "2023-01-27T02:04:53.254Z", "is_superuser": true, "username": "pajaman", "first_name": "", "last_name": "", "email": "", "is_staff": true, "is_active": true, "date_joined": "2023-01-16T14:00:28.803Z", "groups": [], "user_permissions": []}}, {"model": "auth.user", "pk": 2, "fields": {"password": "!sX0i1B36F3c9FWO0OwkPLoMqNV5kigqsZUzNKQRM", "last_login": "2023-01-27T02:04:22.860Z", "is_superuser": false, "username": "sintaro.katuta", "first_name": "sintaro", "last_name": "k", "email": "sintaro.katuta@gmail.com", "is_staff": false, "is_active": true, "date_joined": "2023-01-27T02:04:22.818Z", "groups": [], "user_permissions": []}}, {"model": "contenttypes.contenttype", "pk": 1, "fields": {"app_label": "pajamanApp", "model": "personality"}}, {"model": "contenttypes.contenttype", "pk": 2, "fields": {"app_label": "pajamanApp", "model": "question"}}, {"model": "contenttypes.contenttype", "pk": 3, "fields": {"app_label": "pajamanApp", "model": "answer"}}, {"model": "contenttypes.contenttype", "pk": 4, "fields": {"app_label": "pajamanApp", "model": "self"}}, {"model": "contenttypes.contenttype", "pk": 5, "fields": {"app_label": "pajamanApp", "model": "company"}}, {"model": "contenttypes.contenttype", "pk": 6, "fields": {"app_label": "pajamanApp", "model": "companyanalysis"}}, {"model": "contenttypes.contenttype", "pk": 7, "fields": {"app_label": "pajamanApp", "model": "comment"}}, {"model": "contenttypes.contenttype", "pk": 8, "fields": {"app_label": "pajamanApp", "model": "like"}}, {"model": "contenttypes.contenttype", "pk": 9, "fields": {"app_label": "pajamanApp", "model": "imageupload"}}, {"model": "contenttypes.contenttype", "pk": 10, "fields": {"app_label": "admin", "model": "logentry"}}, {"model": "contenttypes.contenttype", "pk": 11, "fields": {"app_label": "auth", "model": "permission"}}, {"model": "contenttypes.contenttype", "pk": 12, "fields": {"app_label": "auth", "model": "group"}}, {"model": "contenttypes.contenttype", "pk": 13, "fields": {"app_label": "auth", "model": "user"}}, {"model": "contenttypes.contenttype", "pk": 14, "fields": {"app_label": "contenttypes", "model": "contenttype"}}, {"model": "contenttypes.contenttype", "pk": 15, "fields": {"app_label": "sessions", "model": "session"}}, {"model": "contenttypes.contenttype", "pk": 16, "fields": {"app_label": "social_django", "model": "association"}}, {"model": "contenttypes.contenttype", "pk": 17, "fields": {"app_label": "social_django", "model": "code"}}, {"model": "contenttypes.contenttype", "pk": 18, "fields": {"app_label": "social_django", "model": "nonce"}}, {"model": "contenttypes.contenttype", "pk": 19, "fields": {"app_label": "social_django", "model": "usersocialauth"}}, {"model": "contenttypes.contenttype", "pk": 20, "fields": {"app_label": "social_django", "model": "partial"}}, {"model": "contenttypes.contenttype", "pk": 21, "fields": {"app_label": "pajamanApp", "model": "personal"}}, {"model": "sessions.session", "pk": "cxzbjsa74f5am0i9s0fka09tj9ef7621", "fields": {"session_data": ".eJxVjDEOwjAMRe-SGUVpguqUkZ0zRHZskwJKpaadKu4OlTrA-t97fzMJ16WktcmcRjYX05nT70aYn1J3wA-s98nmqS7zSHZX7EGbvU0sr-vh_h0UbOVbE1MUcILoQ9Cz55CDI1Eij67X7KI6GPIAPncckQWCD0K9ADCrgnl_ABWAOUs:1pLE6n:lD1y2TmH4f6RH9atTu7Vov7uAyW6Y-VKXqOsDg9cg54", "expire_date": "2023-02-10T02:04:53.261Z"}}, {"model": "sessions.session", "pk": "pfdl5nigpjvwasyq9p3gox2vlxrdxv5m", "fields": {"session_data": ".eJxVjDEOwjAMRe-SGUVpguqUkZ0zRHZskwJKpaadKu4OlTrA-t97fzMJ16WktcmcRjYX05nT70aYn1J3wA-s98nmqS7zSHZX7EGbvU0sr-vh_h0UbOVbE1MUcILoQ9Cz55CDI1Eij67X7KI6GPIAPncckQWCD0K9ADCrgnl_ABWAOUs:1pIKxu:jCiqaWXm0rrdyCd66xPADh6FzqqbkJyx0quBYqbW7kE", "expire_date": "2023-02-02T02:47:46.554Z"}}, {"model": "sessions.session", "pk": "qenpz10okljtphe2sdhyr0rxteghb3qt", "fields": {"session_data": ".eJxVjDEOwjAMRe-SGUVpguqUkZ0zRHZskwJKpaadKu4OlTrA-t97fzMJ16WktcmcRjYX05nT70aYn1J3wA-s98nmqS7zSHZX7EGbvU0sr-vh_h0UbOVbE1MUcILoQ9Cz55CDI1Eij67X7KI6GPIAPncckQWCD0K9ADCrgnl_ABWAOUs:1pHZqO:3eZhQ9eePc0edfpEdZh42Sx8ezPG9NqXYI0HcqJX688", "expire_date": "2023-01-31T00:28:52.084Z"}}, {"model": "sessions.session", "pk": "rafuguff501pwzqotok2r70ptr5e25n2", "fields": {"session_data": ".eJxVjDEOwjAMRe-SGUVpguqUkZ0zRHZskwJKpaadKu4OlTrA-t97fzMJ16WktcmcRjYX05nT70aYn1J3wA-s98nmqS7zSHZX7EGbvU0sr-vh_h0UbOVbE1MUcILoQ9Cz55CDI1Eij67X7KI6GPIAPncckQWCD0K9ADCrgnl_ABWAOUs:1pHQ2k:Rcta_iKX7MNu3J1ptsK8CnJdmGvf1T9EPTzEB97cvxY", "expire_date": "2023-01-30T14:00:58.642Z"}}, {"model": "social_django.usersocialauth", "pk": 1, "fields": {"user": 2, "provider": "google-oauth2", "uid": "sintaro.katuta@gmail.com", "extra_data": "{\"auth_time\": 1674785062, \"expires\": 3599, \"token_type\": \"Bearer\", \"access_token\": \"ya29.a0AVvZVspzsa1XWAF8B208l19pygJA10uCe20tH-uvFF4ISp30DsQ-7lo9XneKY6n39dOLrzvIu7ja8TyvOggk7z4RptBei72rVhZg4OA8Dfev8JpA6IZNqO2Eark7y91qO0s_UZoOLtgtVwPaR30M1oocerMDDwaCgYKAb4SARISFQGbdwaIhGTBqavvTJd8hMJ33P6stg0165\"}", "created": "2023-01-27T02:04:22.825Z", "modified": "2023-01-27T02:04:22.832Z"}}]
